{
  "uas":85.0948509485,
  "las":4.8780487805,
  "ents_p":50.0,
  "ents_r":52.6315789474,
  "ents_f":51.2820512821,
  "ents_per_type":{
    "DATE":{
      "p":37.5,
      "r":40.0,
      "f":38.7096774194
    },
    "PERSON":{
      "p":100.0,
      "r":100.0,
      "f":100.0
    }
  },
  "tags_acc":93.0648769575,
  "token_acc":100.0,
  "textcat_score":0.0,
  "textcats_per_cat":{

  }
}