{
  "uas":84.5528455285,
  "las":4.8780487805,
  "ents_p":60.0,
  "ents_r":63.1578947368,
  "ents_f":61.5384615385,
  "ents_per_type":{
    "DATE":{
      "p":50.0,
      "r":53.3333333333,
      "f":51.6129032258
    },
    "PERSON":{
      "p":100.0,
      "r":100.0,
      "f":100.0
    }
  },
  "tags_acc":93.0648769575,
  "token_acc":100.0,
  "textcat_score":0.0,
  "textcats_per_cat":{

  }
}