{
  "uas":80.3234501348,
  "las":3.7735849057,
  "ents_p":27.2727272727,
  "ents_r":31.5789473684,
  "ents_f":29.2682926829,
  "ents_per_type":{
    "DATE":{
      "p":12.5,
      "r":13.3333333333,
      "f":12.9032258065
    },
    "PERSON":{
      "p":100.0,
      "r":100.0,
      "f":100.0
    },
    "WORK_OF_ART":{
      "p":0.0,
      "r":0.0,
      "f":0.0
    }
  },
  "tags_acc":93.0648769575,
  "token_acc":100.0,
  "textcat_score":0.0,
  "textcats_per_cat":{

  }
}