{
  "uas":83.7837837838,
  "las":4.8648648649,
  "ents_p":22.2222222222,
  "ents_r":21.0526315789,
  "ents_f":21.6216216216,
  "ents_per_type":{
    "DATE":{
      "p":0.0,
      "r":0.0,
      "f":0.0
    },
    "PERSON":{
      "p":100.0,
      "r":100.0,
      "f":100.0
    }
  },
  "tags_acc":93.0648769575,
  "token_acc":100.0,
  "textcat_score":0.0,
  "textcats_per_cat":{

  }
}