{
  "uas":84.3243243243,
  "las":4.8648648649,
  "ents_p":47.0588235294,
  "ents_r":42.1052631579,
  "ents_f":44.4444444444,
  "ents_per_type":{
    "DATE":{
      "p":30.7692307692,
      "r":26.6666666667,
      "f":28.5714285714
    },
    "PERSON":{
      "p":100.0,
      "r":100.0,
      "f":100.0
    }
  },
  "tags_acc":92.6174496644,
  "token_acc":100.0,
  "textcat_score":0.0,
  "textcats_per_cat":{

  }
}