{
  "uas":84.3243243243,
  "las":4.8648648649,
  "ents_p":77.7777777778,
  "ents_r":73.6842105263,
  "ents_f":75.6756756757,
  "ents_per_type":{
    "DATE":{
      "p":71.4285714286,
      "r":66.6666666667,
      "f":68.9655172414
    },
    "PERSON":{
      "p":100.0,
      "r":100.0,
      "f":100.0
    }
  },
  "tags_acc":92.6174496644,
  "token_acc":100.0,
  "textcat_score":0.0,
  "textcats_per_cat":{

  }
}