{
  "uas":84.3243243243,
  "las":4.8648648649,
  "ents_p":41.1764705882,
  "ents_r":36.8421052632,
  "ents_f":38.8888888889,
  "ents_per_type":{
    "DATE":{
      "p":23.0769230769,
      "r":20.0,
      "f":21.4285714286
    },
    "PERSON":{
      "p":100.0,
      "r":100.0,
      "f":100.0
    }
  },
  "tags_acc":92.6174496644,
  "token_acc":100.0,
  "textcat_score":0.0,
  "textcats_per_cat":{

  }
}