{
  "uas":63.0208333333,
  "las":0.5208333333,
  "ents_p":22.2222222222,
  "ents_r":10.5263157895,
  "ents_f":14.2857142857,
  "ents_per_type":{
    "DATE":{
      "p":0.0,
      "r":0.0,
      "f":0.0
    },
    "PERSON":{
      "p":100.0,
      "r":50.0,
      "f":66.6666666667
    }
  },
  "tags_acc":90.3803131991,
  "token_acc":100.0,
  "textcat_score":0.0,
  "textcats_per_cat":{

  }
}