{
  "uas":73.1182795699,
  "las":1.6129032258,
  "ents_p":44.4444444444,
  "ents_r":21.0526315789,
  "ents_f":28.5714285714,
  "ents_per_type":{
    "DATE":{
      "p":0.0,
      "r":0.0,
      "f":0.0
    },
    "PERSON":{
      "p":100.0,
      "r":100.0,
      "f":100.0
    }
  },
  "tags_acc":93.0648769575,
  "token_acc":100.0,
  "textcat_score":0.0,
  "textcats_per_cat":{

  }
}