{
  "uas":78.7061994609,
  "las":3.2345013477,
  "ents_p":35.2941176471,
  "ents_r":31.5789473684,
  "ents_f":33.3333333333,
  "ents_per_type":{
    "DATE":{
      "p":15.3846153846,
      "r":13.3333333333,
      "f":14.2857142857
    },
    "PERSON":{
      "p":100.0,
      "r":100.0,
      "f":100.0
    }
  },
  "tags_acc":93.0648769575,
  "token_acc":100.0,
  "textcat_score":0.0,
  "textcats_per_cat":{

  }
}