{
  "uas":86.4864864865,
  "las":5.4054054054,
  "ents_p":66.6666666667,
  "ents_r":63.1578947368,
  "ents_f":64.8648648649,
  "ents_per_type":{
    "DATE":{
      "p":57.1428571429,
      "r":53.3333333333,
      "f":55.1724137931
    },
    "PERSON":{
      "p":100.0,
      "r":100.0,
      "f":100.0
    }
  },
  "tags_acc":93.0648769575,
  "token_acc":100.0,
  "textcat_score":0.0,
  "textcats_per_cat":{

  }
}