{
  "uas":68.9839572193,
  "las":0.5347593583,
  "ents_p":57.1428571429,
  "ents_r":21.0526315789,
  "ents_f":30.7692307692,
  "ents_per_type":{
    "DATE":{
      "p":0.0,
      "r":0.0,
      "f":0.0
    },
    "PERSON":{
      "p":100.0,
      "r":100.0,
      "f":100.0
    }
  },
  "tags_acc":92.1700223714,
  "token_acc":100.0,
  "textcat_score":0.0,
  "textcats_per_cat":{

  }
}