{
  "uas":86.4864864865,
  "las":5.4054054054,
  "ents_p":72.2222222222,
  "ents_r":68.4210526316,
  "ents_f":70.2702702703,
  "ents_per_type":{
    "DATE":{
      "p":64.2857142857,
      "r":60.0,
      "f":62.0689655172
    },
    "PERSON":{
      "p":100.0,
      "r":100.0,
      "f":100.0
    }
  },
  "tags_acc":93.0648769575,
  "token_acc":100.0,
  "textcat_score":0.0,
  "textcats_per_cat":{

  }
}